,question_id,bleu(qwen),f1(qwen),meteor(qwen),anls(qwen),rouge-2(qwen),rouge-L(qwen),bert-score-f1(qwen),llm-as-judgement-score(qwen),bleu(internvl3),f1(internvl3),meteor(internvl3),anls(internvl3),rouge-2(internvl3),rouge-L(internvl3),bert-score-f1(internvl3),llm-as-judgement-score(internvl3),bleu,f1,meteor,anls,rouge-2,rouge-L,bert-score-f1,llm-as-judgement-score
count,1149.0,1149.0,1149.0,1149.0,1149.0,1149.0,1149.0,1149.0,1149.0,1149.0,1149.0,1149.0,1149.0,1149.0,1149.0,1149.0,1149.0,1149.0,1149.0,1149.0,1149.0,1149.0,1149.0,1149.0,1149.0
mean,3.0678851174934727,0.028234116623150562,0.03091818973020018,0.404473455178416,0.35813141862489123,0.4127824194952132,0.5327441253263708,0.8344247171453437,3.29852045256745,0.03642645778938207,0.038687554395126195,0.38659007832898173,0.3106022628372498,0.3748894691035683,0.486023498694517,0.8179251523063534,3.1827676240208875,0.062411662315056585,0.06596083550913837,0.4572558746736292,0.41053698868581373,0.46976414273281114,0.5762140992167102,0.8497067014795475,3.4577893820713665
std,1.4765014683682607,0.14458937418677886,0.15239200868714564,0.3810600957209468,0.4364848492844451,0.39664622948306344,0.349710221968374,0.12179786597096441,1.3075122949200284,0.16728345781207102,0.17408566724487542,0.3912991293717892,0.43072150314343594,0.3978822521208583,0.34813836705836193,0.1222131483367981,1.4023433595396533,0.22218561605634543,0.22894193312618075,0.4000905132487856,0.4573478971446462,0.42117130628259103,0.36299653885766175,0.12718516556606946,1.3288551781594955
min,1.0,0.0,0.0,0.0,0.0,0.0,0.0,0.562,1.0,0.0,0.0,0.0,0.0,0.0,0.0,0.486,1.0,0.0,0.0,0.0,0.0,0.0,0.0,0.562,1.0
25%,2.0,0.0,0.0,0.0,0.0,0.0,0.222,0.73,2.0,0.0,0.0,0.0,0.0,0.0,0.2,0.719,2.0,0.0,0.0,0.0,0.0,0.0,0.222,0.73,2.0
50%,3.0,0.0,0.0,0.294,0.0,0.286,0.5,0.824,3.0,0.0,0.0,0.24,0.0,0.25,0.4,0.8,3.0,0.0,0.0,0.417,0.0,0.4,0.6,0.855,4.0
75%,4.0,0.0,0.0,0.799,0.867,0.857,0.966,0.963,4.0,0.0,0.0,0.794,0.769,0.762,0.824,0.916,4.0,0.0,0.0,0.981,1.0,1.0,1.0,1.0,5.0
max,7.0,1.0,1.0,1.0,1.0,1.0,1.0,1.0,5.0,1.0,1.0,0.999,1.0,1.0,1.0,1.0,5.0,1.0,1.0,1.0,1.0,1.0,1.0,1.0,5.0
